Identificador|Pista asociada|Texto|Pista en el libro
H1||<p>&nbsp;&nbsp;&nbsp;&nbsp;—En el número 32 de la calle principal del pueblo &mdash;te cuenta Gonzalo Sétodo&mdash; hay un local frecuentado por mujeres. Parecen ser solo algunas señoras selectas del pueblo. Hay quien entra en él y sale a los 5 minutos y quien no sale hasta transcurridas 3 horas. El local permanece abierto de 7 de la mañana a 3 de la madrugada porque la necesidad de hacer esto puede entrarle a una en cualquier momento y no está; bien visto que las damas tengan este hábito. <b>Una gran peste a cigarrillo emanaba del local cada vez que se abría la puerta cuando dejaba allí</b>; a doña Adelaida en su visita semanal.</p>|Fuma cigarrillos
H2||<p>Aunque ella no era dada a realizar este tipo de trabajos, Adelaida tenía muy buena mano haciéndolos. Dejaba a todo el mundo requetefino: afeitado, pelado, perfumado y con las uñas perfectas. No les cobraba el trabajo a sus amigos porque para ella esto era una afición. Y a quienes más les gustaba hacerles el cabello era a los que llevaban <b>el pelo muy corto</b>. A las mujeres les daba un aspecto moderno e interesante, y a los caballeros, un «distinguido aspecto de expresidiario», como decía ella. Cualquiera hubiera expresado su disgusto por semejante apariencia, pero Adelaida no. Adelaida parecía encontrarse en su salsa entre delincuentes.</p>|Lleva el pelo corto a lo Ana Torroja
H3||<p>Algo de lo que podía estar muy orgullosa doña Adelaida era de su mano con la aguja. Ella no era de ese tipo de personas que buscan la forma más rápida y barata de hacer las cosas. No tenía mentalidad de tiburón (salvo cuando se trataba de secretos ajenos). No usaba máquina de coser. A ella le gustaba hacer las labores con esmero, aguja y dedal. «Porque mientras más cuidado se pone en hacer las cosas, más bellas y de mejor calidad salen», decía.</p><p>&nbsp;&nbsp;&nbsp;&nbsp;Siguiendo un antiguo libro de patrones que tenía en una de sus polvorientas estanterías, hacía las delicias de muchas de sus amistades. Un lazo, un bordado y <b>elegantes vestidos de gala</b>. Muchas personas asistían a fiestas llevando vestidos realizados por ella y acababan tan encantadas con ellos que, a cambio, estas se sentían inclinadas a tener confidencias con ellas, y eso era lo que a ella le gustaba.</p>|Viste siempre elegantemente
H4||<p>Caminando por la mansión de Doña Adelaida, accedes a una habitación en la que solamente hay retratos colgados, como si fuera un museo. Algunos de ellos, muy grandes, de ancestros; otros, pequeños, de objetos que parecen valiosas posesiones familiares; otros, de hermosos paisajes y casas de campo pertenecientes a miembros de la familia Manomboca. Cada uno de ellos tiene un título debajo que indica lo que es.</p><p>&nbsp;&nbsp;&nbsp;&nbsp;Pero todos los cuadros parecen estar bajo la sombra de uno de ellos, que está iluminado con una lampara que permanece siempre encendida y que ocupa una posición más central. Te acercas para examinarlo. Es un cuadro en sepia en el que ves a doña Adelaida posando frente a una casa, rodeada de un grupo de mujeres de su misma edad. Todas tienen la mirada alegre y van vestidas con ropa bastante hortera, pero todas exactamente del mismo color. Parece como si fueran uniformadas y se tratase de la foto conmemorativa de un club. Lees el título bajo el cuadro, que dice «25.º encuentro de las <b>Chicas de Rosa</b>».</p>|Siempre viste de rosa
H5||<p>Cerca de la casa de doña Adelaida hay una cafetería llamada Grano Tostado. Desde la puerta se tiene una clara visión de la mansión de doña Adelaida. Es un lugar muy agradable y pueblerino, con una decoración rústica a base de útiles de artesanía y recubrimiento de madera en las paredes y el suelo.</p><p>&nbsp;&nbsp;&nbsp;&nbsp;Te sientas en una de las sillas de mimbre y, cuando se acerca un hombre para atenderte, le preguntas si conoce a Adelaida y si observó algo raro la noche de autos. Por desgracia, te indica que no, que no lleva mucho tiempo trabajando allí, pero te presenta a la dueña del establecimiento, doña Cafetina Grano Tostado.</p><p>&nbsp;&nbsp;&nbsp;&nbsp;Doña Cafetina parece muy ocupada, pero te ofrece unos momentos de charla. Hablando con ella te cuenta que doña Adelaida frecuentaba su cafetería y que solía hacerlo en compañía de personas muy variopintas. Te señala a una pared donde tiene fotos de sus clientes más habituales.</p><p>&nbsp;&nbsp;&nbsp;&nbsp;Tras contarte que no vio nada fuera de lo normal el día en que la asesinaron , te indica que debe volver al trabajo y te deja. Te acercas a la pared que te ha señalado y ves entre las fotos una de doña Adelaida tomándose un té entre dos señores. Los dos están tomando un café. Uno de ellos parece estar vestido de lacayo y el otro, barbudo y con una chaqueta verde. Los dos tienen unas <b>frondosas patillas<b/>, lo que les da un aspecto de ser más viejos de lo que son realmente.</p>|Tiene unas patillas muy pobladas
O1||<p>En una mesita en el cuarto de costura de doña Adelaida, sobre un platito de porcelana muy bien decorado, encuentras unas <b>gafas redondas</b>. Junto a estas encuentras una nota escrita por doña Adelaida que dice: «Devolver a su dueña».</p><p>&nbsp;&nbsp;&nbsp;&nbsp;Don Gonzalo dice que la dueña de las gafas estuvo visitando a doña Adelaida hace tres días y, al parecer, las debió olvidar. Esta persona estaba en muy buenos términos con doña Adelaida, así que no cabe lugar a sospechar de ella.</p>|Usa gafas redondas
O2||<p>El dormitorio de doña Adelaida rezuma un perfume característico: el añejo olor a sudor de anciano mezclado con perfumador para la ropa. En su tocador hay un perchero en miniatura que sirve para colgar joyas, del que cuelgan algunos anillos de color ámbar y una <b>pulsera de plata</b>. Cuando miras de cerca la pulsera, ves que de ella pende una pequeña etiqueta que dice: «Para mi amiga del alma». Don Gonzalo Sétodo, dice que fue un regalo de una de sus amigas y que fue un gesto muy bonito, ya que su amiga la había llevado puesta desde la primera vez que la recibió en su casa y nunca se había desprendido de ella.</p>|Lleva una pulsera de plata
O3||<p>Al inspeccionar el vestidor de doña Adelaida deduces que la noche que iba a salir de fiesta iba a ir muy elegante. Tenía su atuendo preparado en una percha expositor. Lo iba a conjuntar con unos largos guantes blancos. Además, junto a ellos en una mesita hay una cajita roja forrada. Al abrirla, ves que contiene unos extravagantes <b>pendientes de perlas</b>. Bajo estos, un papel doblado decía: «Recuerda devolvérmelos el lunes. Besos». Según Gonzalo Sétodo, una amiga se los prestó para la ocasión de la noche de autos.</p>|Tiene unos pendientes de perlas muy grandes
O4||<p>Investigando las estancias de la mansión, llegas a la sala de estar. En una esquina ves un arcaico mueble con estantes y armario, de color caoba oscuro, con una de esas típicas puertas decoradas con unas flores en relieve dentro de un medallón de madera, y una cerradura con una llave simple. La llave está sobre el mismo mueble. Decides abrirlo y dentro encuentras varios álbumes de fotos.</p><p>&nbsp;&nbsp;&nbsp;&nbsp;Los ojeas y te percatas de que una persona sale demasiadas veces. Es una mujer con el pelo castaño y rizado y que lleva <b>un collar de plumas</b> en todas las fotos. De hecho, tiene un álbum entero dedicado, lleno de fotos solo con ella, mientras que no tiene ningún álbum así con ninguna otra persona en especial.</p>|Lleva un collar de plumas de indio
O5||<p>El ambiente en la mansión de Adelaida está bastante cargado con los nervios de todos los presentes que han sido convocados para ser interrogados. Te dispones a salir un momento para tomar un poco el aire. Al acercarte a por tu gabardina al perchero de la entrada haces que, sin querer, se caiga uno de los abrigos de doña Adelaida que estaba colgado. Lo recoges para ponerlo en su sitio y notas que hay un papel dentro de uno de los bolsillos. Lo sacas y compruebas que se trata de un recibo. Don Gonzalo Sétodo, que te ha visto, comprueba el recibo y te dice lo siguiente:</p><p>&nbsp;&nbsp;&nbsp;&nbsp;—Es de una <b>diadema</b> que la señora compró para una de sus allegadas. Esa muchacha trae una distinta cada día y, la verdad, son todas de malísimo gusto. Doña Adelaida solía regalarle una más adecuada cada mes, pero ella acaba volviendo a ponerse la misma a los pocos días. Si algo bueno se podrá sacar de la muerte de doña Adelaida, será no tener que volver a verle la cara a esa joven.</p>|Siempre lleva diadema
O6||<p>En uno de los salones de la mansión ves uno de los ventanales abiertos y la cortina ondeando con ímpetu hacia un lado del salón, como indicando algo. Te acercas a cerrar el ventanal y miras hacia donde señalaba la cortina. Observas una mesa y, detrás de esta, una estantería con figuras de porcelana muy delicadas. Te acercas a mirarlas y, cuando pasas por detrás de la mesa, golpeas algo con el pie. Detrás de la mesa, escapando a tu visión todo este tiempo, había una gorra de color azul y blanco.</p><p>&nbsp;&nbsp;&nbsp;&nbsp;Contrariado por la existencia de esa prenda de vestir en casa de doña Adelaida y por el lugar en el que se encuentra, preguntas a don Gonzalo Sétodo. Le encuentras limpiando y embalando una bonita cristalería en la cocina. Te cuenta que la hermana de doña Adelaida ha pedido quedarse con ella y que se la está preparando.</p><p>&nbsp;&nbsp;&nbsp;&nbsp;Cuando le enseñas la gorra y le cuentas dónde la has encontrado, te responde que la última vez que pararon con el coche en la gasolinera del pueblo, doña Adelaida vio la gorra apoyada sobre el surtidor. Preguntó al trabajador y este le dijo que la gorra llevaba allí dos días sin que nadie hubiera venido a reclamarla. Ella la reconoció inmediatamente como la <b>gorra que solía llevar siempre uno de sus conocidos</b> y la tomó para devolvérsela cuando le viera.</p><p>&nbsp;&nbsp;&nbsp;&nbsp;Cuando llegaron a casa, doña Adelaida dejó la gorra sobre la mesa del salón, donde el viento que entraba por la ventana abierta debió haberla tirado al suelo.</p>|Lleva gorra
O7||<p>&nbsp;&nbsp;&nbsp;&nbsp;Sales a pasear por el jardín de la entrada de la mansión en busca de algo que llame tu atención, y tras observar un poco, lo encuentras. Los jardines de doña Adelaida están bien cuidados y son simétricos. A ambos lados, los setos estaban separados por grandes maceteros relucientes. Sin embargo, uno de ellos es notablemente más viejo que los demás y ni siquiera es del mismo color; como si los hubieran reemplazado todos salvo ese.</p><p>&nbsp;&nbsp;&nbsp;&nbsp;Casi como si supieras lo que hay que hacer, palpas la tierra de ese macetero con las manos. No es tan compacta como la de los demás. Es fácilmente removible. Y eso mismo decides hacer. Al poco de remover la tierra sacas de ella lo que parece ser una <b>cajita de sombra de ojos.</b></p><p>&nbsp;&nbsp;&nbsp;&nbsp;Don Gonzalo Sétodo aparece por allí y te relata una conversación entre Doña Adelaida y una conocida suya al volver de comprar en la boutique. Charlaban alegremente, su amiga claramente más joven y con un tono insoportable.</p><br/><p>&nbsp;&nbsp;&nbsp;&nbsp;<i>—Cariño, es horrible —decía doña Adelaida.</i></p><p>&nbsp;&nbsp;&nbsp;&nbsp;<i>—¡Pero si es el de siempre! ¿Es que siempre ha sido horrible?</i></p><p>&nbsp;&nbsp;&nbsp;&nbsp;<i>—¡Pero si es el de siempre! ¿Es que siempre ha sido horrible?</i></p><p>&nbsp;&nbsp;&nbsp;&nbsp;<i>Doña Adelaida no sabía dónde meterse y finalmente concedió.</i></p><p>&nbsp;&nbsp;&nbsp;&nbsp;<i>—Pues <b>siempre ha sido muy extravagante</b>. Va gritando «¡mírame, soy un semáforo!».</i></p><p>&nbsp;&nbsp;&nbsp;&nbsp;<i>—Pero es el que a mí me gusta...</i></p><p>&nbsp;&nbsp;&nbsp;&nbsp;<i>—¿Cuanto tiempo llevas usando el mismo?</i></p><p>&nbsp;&nbsp;&nbsp;&nbsp;<i>—Pues... —con cierta culpabilidad—, desde aquello.</i></p><p>&nbsp;&nbsp;&nbsp;&nbsp;<i>—Entonces ¿no crees que ya va siendo hora de enterrar todo eso?</i></p><p>&nbsp;&nbsp;&nbsp;&nbsp;<i>—Pero es que yo soy como soy. No puedo cambiar mi vida.</i></p><p>&nbsp;&nbsp;&nbsp;&nbsp;<i>—Pero, cielo, si quieres huir de tu pasado, no puede seguir viviendo en él.</i></p><br/><p>&nbsp;&nbsp;&nbsp;&nbsp;—Con resignación, su amiga aceptó librarse de esa sombra y decidieron enterrarla dentro de aquel macetero por no sé qué extraño ritual diseñado para que viniera la renovación sobre ella, pero que no escapara la esencia de lo que ella siempre había sido.</p>|Usa un maquillaje muy llamativo
C1||<p>&nbsp;&nbsp;&nbsp;&nbsp;—Verá usted —te dice Lozano Gastonada, el dueño de la taberna del pueblo, sin dudar ni un momento, mientras friega las jarras de cerveza—, cuando le digo que lo vi, es que lo vi. Sé perfectamente quién se para delante de la máquina tragaperras. Tengo bien puesto el ojo sobre quién pone la mano y cuánto la pone sobre esa máquina porque —baja la voz en este punto—, sin que esto salga de aquí, yo sé cuándo la máquina está calentita.</p><p>&nbsp;&nbsp;&nbsp;&nbsp;Lozano termina de fregar una jarra de cerveza, la llena, sale de detrás de la barra y te hace acompañarle mientras sigue hablando.</p><p>&nbsp;&nbsp;&nbsp;&nbsp;—Y, cuando lo está —continúa hablando aún más bajo—, al que está en la máquina le invito a un plato de cabrillas y le hago olvidarse de la máquina. La desenchufo, y luego, cuando se ha ido, el premio es todo mío. Y sé perfectamente que a las 20:43, cuando sucedió el asesinato, en la máquina estaba el de siempre, <b>el hombre que tiene un diente de oro</b>.</p><p>&nbsp;&nbsp;&nbsp;&nbsp;Lozano te hace sentarte en una mesa, te sirve la cerveza y se marcha.</p>|Tiene un diente de oro
C2||<p>Mientras estás en la oficina del difunto marido de doña Adelaida, das un respingo al oír un sonido repentino. La máquina de fax comienza a imprimir un mensaje. Al parecer es un documento que envía alguien desde el Reino Unido. El documento reza:</p><br/><p><i>Adelaida, estoy a punto de dar con esa zorra. Sé que está aquí. Dentro de poco empezarás a oír todo tipo de bulos sobre mí, sobre que si estoy acosando a Fulano o a Mengano, pero es todo mentira.</i></p><p><i>Don Fulano está en Zaragoza y don Mengano en Valladolid. Te envío este fax desde una papelería de Brighton como prueba de que no estoy ni en Zaragoza ni en Valladolid. Ya sabes a por quién voy. Lo sabes desde que <b>te enseñé su nombre en mi libreta</b>. Voy a acabar con Zutano. Me las va a pagar todas por venderme aquel coche escacharrado.</i></p>|Siempre lleva una libreta colgada al cuello
C3||<p>Estás junto a la médica del pueblo, quien certifica la muerte de doña Adelaida antes de cubrir el cadáver y hacer que se lo lleven de la mansión. Cuando ha terminado, mantienes una conversación con ella. Ha determinado que la hora de la muerte fue hacia las 20:43. La exactitud de la hora te parece de inmediato sospechosa, pero ella te confirma en una rebuscada jerga médica que, dados determinados detalles de la muerte, le es posible determinar la hora con total exactitud, y que no espera que lo entiendas porque no eres médico.</p><p>&nbsp&nbsp;&nbsp;&nbsp;No confías en ella, cosa que demuestras mirándola incómodamente durante unos segundos en silencio. Sintiéndose acusada, la médica añade que es imposible que ella tuviera nada que ver porque, aunque era amiga de doña Adelaida, hacia esa hora ella estaba atendiendo a uno de sus pacientes en su propia casa, y que su marido podrá corroborarlo. Su tono confiado denota que no tiene nada que esconder y, por algún motivo, le crees y dejas que se marche al terminar su labor. La ves alejarse <b>cojeando levemente</b> calle abajo hasta que desaparece tras la esquina.</p>|Cojea un poco
C4||<p>&nbsp;&nbsp;&nbsp;&nbsp;El tío de doña Adelaida se acerca a la mansión. Al parecer él también asistía a la misma fiesta que a la que iba a asistir su sobrina y, al ver que no asistió, pensó en acercarse a su casa para verla al día siguiente.</p><p>&nbsp;&nbsp;&nbsp;&nbsp;Al enterarse de la noticia se muestra compungido. Según cuenta, llegó en barco al puerto a las 22:00 el día de la fiesta y salió a toda prisa hacia el local de la fiesta sin poder siquiera pasarse por casa de su sobrina. Con toda seguridad, ella ya estaría allí.</p><p>&nbsp;&nbsp;&nbsp;&nbsp;Sin nada más que poderte contar y, tras recoger algunas cosas de casa de su sobrina ayudado por Gonzalo Sétodo, preguntó por la fecha del funeral y se marchó. Mientras se iba, no puedes dejar de pensar en algo que te ha llamado la atención desde que lo viste: su pronunciada <b>cicatriz en la cara</b>.</p>|Tiene una cicatriz en la cara
C5||<p>Toda la noche habían estado gritando, o eso te cuenta la vecina de doña Adelaida, Fernanda Ques Panto, a la que has ido a visitar para hacerle unas preguntas.</p><p>&nbsp;&nbsp;&nbsp;&nbsp;La noche en que asesinaron a doña Adelaida, ella apenas si pudo pegar ojo. Desde su ventana se escuchaba a alguien en estado de embriaguez dando voces en la calle de detrás: una mujer que no hacía más que maldecir, hablar de su infortunio en la vida y pedir una y otra vez a algún tendero invisible que le rellenara <b>la petaca</b>, la cual arrojaba sin apego alguno y recogía inmediatamente como si le tuviera algún cariño.</p><p>&nbsp;&nbsp;&nbsp;&nbsp;Esa persona se pasó allí desde las 19:00 hasta las 23:00, cuando un hombre mayor con un chaquetón negro vino a por ella y se la llevó.</p>|No se separa nunca de su petaca
C6||<p>Unos golpes extraños se oyen en el piso de arriba. Intrigado por el sonido, subes las escaleras y buscas su origen. Viene de dentro de la sala de costura. Entras y ves que el ruido procede de un armario que está cerrado con llave. Te acercas y los golpes aumentan la frecuencia y son más violentos. El armario tiembla como si algo quisiera escapar de él y estuviera arremetiendo contra la puerta. Te armas de valor y decides abrirlo.</p><p>&nbsp;&nbsp;&nbsp;&nbsp;De su interior cae una persona junto con varios trajes que debían de estar colgados. Es una mujer que parece estar amordazada y atada de manos y pies. Está algo conmocionada. Le quitas la mordaza y la desatas y ella se queda tendida en el suelo desfallecida. Don Gonzalo Sétodo la identifica como doña Lapo Quitacosa. Es una mujer menuda, de apenas 1,45m, con los ojos claros, amiga de doña Adelaida. Don Gonzalo le trae agua y algo de comer. Parece que la pobre lleva bastante tiempo allí metida.</p><p>&nbsp;&nbsp;&nbsp;&nbsp;Al parecer, estuvo presente durante el asesinato de doña Adelaida, pero no pudo ver al asesino porque este las atacó por sorpresa y a ella la encerró en el armario sin mucho esfuerzo, dejándola impedida. Lleva ahí encerrada desde entonces. Puedes corroborar su coartada porque te muestra un vídeo en su teléfono. Al parecer estuvo grabándose con doña Adelaida hacia las 20:43, cuando de repente se observa como alguien la retiene y la encierra en el armario. Por fortuna, el asesino no le quitó el móvil porque estaba más pendiente de que doña Adelaida no escapase, pero por desgracia, su cara no quedó grabada en él.</p><p>&nbsp;&nbsp;&nbsp;&nbsp;—Debería usted ir al médico a que la reconocieran y a que le mirasen ese hematoma que tiene en el cuello.</p><p>&nbsp;&nbsp;&nbsp;&nbsp;—Oh, esto no es nada. Es un <b>antojo que tengo de nacimiento</b>, no se preocupe.</p><p>&nbsp;&nbsp;&nbsp;&nbsp;Aun así, te muestras preocupado y la acompañas hasta el ambulatorio.</p>|Tiene una marca de nacimiento en el cuello
C7||<p>Al principio no habías reparado en ello porque las pistas más evidentes están siempre en la sala donde se comete el crimen, pero tras llevar un rato deambulando por el despacho del difunto marido de doña Adelaida, te percatas de que hay un contestador telefónico en el que parpadea una luz. Doña Adelaida llevaba una vida relajada y sus aficiones, por lo que has podido deducir en el tiempo que llevas en esa casa, no pasaban por estar sentada en un despacho investigando o atendiendo a clientes de ningún tipo, como hacía su marido.</p><p>&nbsp;&nbsp;&nbsp;&nbsp;Pero un mensaje está pendiente de ser escuchado en aquel aparato. Sin preocuparte por llamar a Gonzalo Sétodo, pulsas el botón y el aparato comienza a reproducir el siguiente mensaje:</p><br/><p><i>Mensaje recibido a las 20:30 —y a continuación habla una extraña voz femenina—. Adelaida, quedida, llevas tdes días sin pasadte pod el colgante que quedías pada la fiesta de esta noche. Imagino que no habdás podido venid pod asuntos tuyos, pedo date pdisa, podque la fiesta es en media hoda y tu casa queda a veinte minutos de la mía y está en la didección contdadia, ya lo sabes. ¿Vas a llegad tadde pada hacedte la impodtante?</i></p><br/><p>El mensaje finaliza ahí, pero parece que hay otro más.</p><br/><p><i>Mensaje recibido a las <b>20:40</b> —y a continuación de nuevo la misma persona—. Adelaida, hija, no te pdeocupes pod el colgante. Ya veo que no llegas y supongo que habdás ido a la fiesta sin él. Si estás en casa, cógelo. Si no, de todas manedas, voy yo también pada la fiesta y te lo entdego en la puedta. ¿Te padece?</i></p>|Tiene problemas de dicción
T1||<p>La hermana de Adelaida Manomboca, Rosita Manomboca, desciende en un globo aerostático morado hasta el jardín de la casa de los Manomboca. Se ha enterado de la muerte de su hermana y de que estás investigando el caso. Muy apenada, te invita a tomar el té. Aceptas sin dudarlo un momento. Es una mujer encantadora y viste con un bonito vestido ocre de manga larga y falda alargada con el trasero elevado con un polizón.</p><p>&nbsp;&nbsp;&nbsp;&nbsp;Mientras te sirve el té, repara en el reloj de tu muñeca. Te arremangas para que pueda admirarlo con más claridad y entonces hace un comentario revelador.</p><p>&nbsp;&nbsp;&nbsp;&nbsp;—Mi hermana tenía amigos muy raros. Recuerdo el día en que nos presentó a uno de ellos. Era un hombre con una cara muy rara y muy reservado. Al contrario que usted, <b>tenía un llamativo tatuaje en el brazo</b>. Cuando le conocimos más en profundidad, nuestra imagen sobre él cambió por completo. Ese hombre, gentil y amable… hoy es mi marido.</p><p>&nbsp;&nbsp;&nbsp;&nbsp;—¿Y por qué iba a tener que sospechar de su marido?</p><p>&nbsp;&nbsp;&nbsp;&nbsp;—Porque la primera vez que el mayordomo de mi hermana lo vio, desconfió de él. No me gustaría que se dejase usted influenciar por su opinión. Pero más que eso, porque el día en que mi hermana murió, él estaba conmigo en el... lecho conyugal.</p>|Tiene un tatuaje en el brazo
T2||<p>Una mujer de unos 40 años de edad se acerca a la mansión a preguntar por los detectives. Al parecer se llama María Siete Cielos. Esta señora se santigua a cada instante, casi con cada frase que dice:</p><p>&nbsp;&nbsp;&nbsp;&nbsp;—Gracias a Dios que están ustedes aquí, Dios mediante, por supuesto —se santigua—. ¡La de tiempo que llevaba yo vaticinando que esta tragedia iba a suceder! —volviéndose a santiguar—. Sabía que esto, tarde o temprano, por la gracia de Dios —santiguándose de nuevo tres veces— tenía que pasar. Yo le pido a Dios que me perdone —mientras se santigua más— por haber dudado de aquella mujer. Desde que la vi empecé a sospechar que esa no era trigo limpio. Pero Dios no quiera que siga haciéndolo más —santiguándose más y más—. Así que tengo que contarles que, cuando esta noche, hacia las 20:45, estaba pasando por delante de la casa de Adelaida, vi a alguien salir apresurado. ¡Era el asesino! —se santigua tanto que no comprendes cómo sus brazos no echan fuego de la velocidad que llevan—. Esa persona, ¡ay, Dios mio! —se santigua y se santigua—, me miró a la cara y yo la miré a ella y… —se santigua mucho más— … y <b>no tenía los ojos dispares</b>, como aquella mujer de la que yo sospechaba. Así que me arrepentí muchísimo de haber dudado de ella. Ahora solo Dios puede perdonarme.</p><p>&nbsp;&nbsp;&nbsp;&nbsp;Doña María Siete Cielos se marcha de la mansión sin parar de santiguarse. Casi parece que las muñecas le rechinan por falta de grasa.</p>|Tiene un ojo más pequeño que el otro
T3||<p>Muy divertida, alegre y vivaracha, Cecilia Risoñía, la amiga de cotilleos de Adelaida, llegó por la tarde. Todo el ánimo que traía se le fue de la cara cuando se enteró de que su amiga había fallecido. Se disponía a marcharse tristemente sin más, pero se te ocurre interrogarla.</p><p>&nbsp;&nbsp;&nbsp;&nbsp;—¿Por qué venía usted tan alegre?</p><p>&nbsp;&nbsp;&nbsp;&nbsp;—Verá, anoche estuve en la fiesta. Como Adelaida no asistió, venía emocionada por contarle algo muy divertido que pasó.</p><p>&nbsp;&nbsp;&nbsp;&nbsp;—¿Me lo cuenta a mí?</p><p>&nbsp;&nbsp;&nbsp;&nbsp;—Pues, verá. Anoche había un señor en la fiesta bastante peculiar. No era de aquí —dijo comenzando a animarse—. Tenía la piel morena por el sol. Dijo que había desembarcado esa noche y que venía a ver a Adelaida porque sabía que estaría allí. A todo el mundo le llamó la atención que tuviera <b>unas uñas muy largas</b>. Larguísimas —dijo riéndose levemente—. Nunca había visto unas uñas tan largas. Nos intentó hacer creer a todos que eran uñas de verdad y nos tenía a todos embelesados.</p><p>&nbsp;&nbsp;&nbsp;&nbsp;»Pero entonces fue a coger un vaso de ponche —comienza a emocionarse— y parecía que no tenía mucha maña manejándose con las uñas. Empezó a tirar todo lo que había sin querer. ¡Aquello era una comedia! —empieza a reírse ahora sin disimulo alguno—. Tiró todo cuanto tenía a su alcance hasta que las uñas se le acabaron cayendo de los dedos, ¡ja, ja, ja! ¡Menudo farsante!</p><p>&nbsp;&nbsp;&nbsp;&nbsp;Miras a Cecilia con extrañeza por estar riéndose de esa forma tan exagerada, en especial en estos momentos, y guardas silencio. Sintiéndose avergonzada, se marcha de allí sin mediar palabra.</p>|Lleva uñas postizas muy largas
T4||<p>El día de la capilla ardiente de doña Adelaida, un elegante carruaje de caballos se detiene frente a su casa. El cochero del carruaje, un hombre tosco y con manos grandes, se baja de su asiento, <b>escupe</b>, abre la portezuela y ayuda a bajar del carruaje a una mujer con un elegante vestido morado. La mujer es recibida por don Gonzalo Sétodo, quien la acompaña al interior de la casa, no sin antes presentártela en la entrada. Se trata de la marquesa de Apatienza, una mujer noble que tiene unos terrenos inmensos a las afueras del pueblo en el cual trabajan montones habitantes del pueblo.</p><p>&nbsp;&nbsp;&nbsp;&nbsp;Dentro de la casa, la marquesa se acerca al féretro de doña Adelaida a observarla. Mueres de ganas por que termine la misa y preguntarle todo lo que puedas sobre doña Adelaida. Sin embargo, algo te sorprende: la marquesa no solo no adquiere relevancia en el acto, sino que, inesperadamente, es su cochero el que rinde homenaje a doña Adelaida dando un discurso sobre ella, halagando su bondad, su cercanía y su preocupación por los demás.</p><p>&nbsp;&nbsp;&nbsp;&nbsp;Cuando termina la misa, te reúnes con él en el patio. Dado que ha expresado más condolencias que la propia marquesa, te intriga más que esta. Te acercas a él, quien está visiblemente apenado y, sin parecer muy invasivo, le preguntas que de qué conocía a doña Adelaida.</p><p>&nbsp;&nbsp;&nbsp;&nbsp;—Yo estaba en una situación difícil. Ella estaba en buenas relaciones con la marquesa y, en ese momento yo huía de… —claramente avergonzado de lo que iba a contar— … pues de mi pasado y de cosas que había hecho.</p><p>&nbsp;&nbsp;&nbsp;&nbsp;Hace gestos como si comenzase a apretarle la garganta. Trata de aflojarse la pajarita. Una vez liberado de ella, escupe con alivio.</p><p>&nbsp;&nbsp;&nbsp;&nbsp;—Digamos que ella… fue muy buena conmigo. Me consiguió trabajo como cochero de esta señora. La verdad es que no es la mujer más agradable del mundo. Ya la ha visto, impasiva durante la ceremonia. Le puedo asegurar que está apenada, pero —del asco que parece provocarle, <b>escupe nuevamente</b>— no es agradable trabajar para ella.</p><p>&nbsp;&nbsp;&nbsp;&nbsp;Acabado el funeral, hacia la tarde, volvió a ayudar a la impertérrita marquesa a subir al carruaje y lo condujo hasta perderse en la lejanía.</p>|Tiene la mala costumbre de escupir
T5||<p>Ofuscado porque parece que tus pasos no te están llevando a ninguna parte, sales a pasear por los terrenos de la parte de atrás de la mansión. Es un área vasta repleta de árboles bastante altos. Entre los árboles encuentras un banco y te sientas a descansar.</p><p>&nbsp;&nbsp;&nbsp;&nbsp;Al poco empiezas a escuchar unos pasos detrás de ti. Te giras y ves a un hombre barbudo y de pelo gris. Te está mirando fijamente sin decir nada. No sabes quién es, pero no te parece amenazador y parece que tampoco tienes ganas de decirle nada tú a él, aunque su presencia allí sea bastante inquietante.</p><p>&nbsp;&nbsp;&nbsp;&nbsp;El hombre te tiende la mano y tú se la das. Te ayuda a levantarte del banco y una vez de pie, parece que quiere que le sigas. Caminas durante unos minutos detrás de él en silencio. Os adentráis más profundo entre los árboles. Parece un bosque. Ya habéis caminado bastante, pero en ningún momento habéis llegado hasta una valla que delimite el terreno de la mansión de doña Adelaida. Es extraño.</p><p>&nbsp;&nbsp;&nbsp;&nbsp;El hombre señala entre unos árboles y, aunque hace un rato has mirado en esa dirección y no has visto nada, ahora hay una cabaña de madera. El hombre camina hacia ella. Como ve que te has quedado parado mirando la cabaña, sin hablar y sin hacer gesto alguno te indica que te acerques. Por algún motivo, te acercas y entráis los dos.</p><p>&nbsp;&nbsp;&nbsp;&nbsp;La cabaña consta de una sola estancia sin amueblar. Lo único que hay en su interior es una mesa con un tapete rojo y un cáliz. El hombre se acerca a la mesa; tú vas detrás de él. Ya junto a la mesa, el hombre te hace entrega del cáliz. Lo tomas. Tiene un papel dentro. Lo lees. Pone: «Soy inocente». Cuando te giras, el hombre se saca <b>uno de sus ojos</b> y lo pone en tus manos. <b>Es de cristal</b>. Lo miras y experimentas una sensación de estremecimiento. Vuelves a mirar al hombre y antes de poder verle la cara te despiertas sentado en el mismo banco en el que estabas descansando antes de haberle encontrado.</p><p>&nbsp;&nbsp;&nbsp;&nbsp;Te habías quedado dormido. Pero crees en la clarividencia que has tenido en tu sueño. Ese hombre es inocente.</p>|Tiene un ojo de cristal
T6||<p>En la plaza del centro del pueblo está la redacción del periódico local. Te acercas a ella y esperas poder hablar con el director, ya que, siendo él quien aprueba y coordina qué artículos se publican y cuáles no, tal vez pueda decirte si alguno de sus reporteros le ha informado de algo inusual ocurrido en las inmediaciones de la mansión de Adelaida.</p><p>&nbsp;&nbsp;&nbsp;&nbsp;Pides hablar con él y te conducen hasta su despacho. Le cuentas el caso. Es un hombre de unos cincuentaitantos, barbudo y con una mirada extraña. Te hace pasar. Cuando le cuentas por qué has venido, afligido, te enseña una caja en la que hay un álbum de fotos. En muchas de ellas salen él y doña Adelaida. Según te cuenta, él siempre había sentido una profunda admiración por ella, pero ella no parecía sentir amor por otra cosa que no fueran sus secretos.</p><p>&nbsp;&nbsp;&nbsp;&nbsp;Te cuenta que en la noche de autos vio salir de casa de Adelaida a una persona sospechosa a la que no pudo identificar. Esta corría en su dirección y él se quedó paralizado. Cuando el desconocido se lo encontró en medio de su huida, le asestó un navajazo en el brazo y siguió corriendo hasta desaparecer. Por la cabeza se te pasa la evidente pregunta de por qué no hizo nada, pero él se encarga de responder a continuación intentando contener las lágrimas y la vergüenza.</p><p>&nbsp;&nbsp;&nbsp;&nbsp;—No es un secreto que yo estaba enamorado de aquella mujer. Tal es el rumor que hay sobre mí en el pueblo que la gente dice que yo la estaba acosando. Así que, cuando el desconocido se marchó y vi que había una mujer parada delante de la puerta de la mansión, santiguándose y mirando en mi dirección… no pude hacer más que taparme la cara y huir. Soy un cobarde. Esa mujer diría que me había visto y la gente claramente asociaría al acosador de doña Adelaida con su muerte. Hui y me fui a casa.</p><p>&nbsp;&nbsp;&nbsp;&nbsp;—¿Se fue a su casa?</p><p>&nbsp;&nbsp;&nbsp;&nbsp;—De pensar que, de haber entrado en la mansión de doña Adelaida, tal vez pudiera haberla socorrido…</p><p>&nbsp;&nbsp;&nbsp;&nbsp;—¿No fue usted al hospital?</p><p>&nbsp;&nbsp;&nbsp;&nbsp;—No, ¿para qué?</p><p>&nbsp;&nbsp;&nbsp;&nbsp;—Para que le mirasen la herida de navaja.</p><p>&nbsp;&nbsp;&nbsp;&nbsp;—Oh, no, esto lleva muchos años así —dice mientras se desabrocha la manga de la camisa y te lo muestra; <b>es protésico</b>, con un claro arañazo alargado.</p>|Le falta un brazo
S1|S2|<p>Una taza de té. Don Gonzalo Sétodo recuerda que se rompió una taza de té durante aquella reunión la semana pasada. En la salita de tomar el té, doña Adelaida y su invitada reían a carcajada limpia hablando sobre a saber qué asunto relacionado con un robo. Según don Sétodo, él, oír y callar. Pero esto es lo que llegó a oír mientras les servía el café:</p><br/><p>&nbsp;&nbsp;&nbsp;&nbsp;<i>—No tuve reparo alguno en hacerlo porque aquel tipo, con ese bigote, doña Adelaida, ¡me ponía negra!</i></p><p>&nbsp;&nbsp;&nbsp;&nbsp;<i>—No la culpo, querida. A veces las cosas más pequeñas son las que más desesperan, ¡ja,ja, ja!</i></p><p>&nbsp;&nbsp;&nbsp;&nbsp;<i>—Pero mire, mire esto —dijo sacando un ladrillo de su bolso—. Todavía lo guardo porque, cada vez que recuerdo a aquel tipo, me hierve la sangre y, al que se me ponga delante, lo dejo seco y a ver si esa vez saco algo más. Pero usted, ni una palabra.</i></p><p>&nbsp;&nbsp;&nbsp;&nbsp;<i>—Tranquila, que ni usted ni nadie que haya robado nada va a tener jamás problemas por mi causa.</i></p>|<p>Estuvo involucrada en un robo a una farmacia hace años.</p><p>&nbsp;&nbsp;&nbsp;&nbsp;No quería unas medicinas para sus hijos; no quería medicamentos que no le pasase la Seguridad Social; no quería una cremita solar para irse a la playa. Ella quería dinero. Agredió al dependiente arrojándole un ladrillo. Ese hombre siempre le había caído mal, con su ridículo bigote tan fino que le daban ganas de darle un tirón y borrárselo de la cara.</p><p>&nbsp;&nbsp;&nbsp;&nbsp;El hombre no vio nada porque le pilló por sorpresa y quedó inconsciente. Y tampoco tenían cámara de seguridad, por lo que no quedó grabada. Además, de ser así, tampoco habría servido porque llevaba un pasamontañas. Sabía hacer lo suyo.</p><p>&nbsp;&nbsp;&nbsp;&nbsp;Sin embargo, el riesgo fue mayor que la recompensa: la caja registradora contenía una cantidad escasa. Salió de allí con más miedo que beneficio. El robo fue inferior a 200&nbsp;€ y no se celebró juicio, por lo que salió impune. O al menos eso es lo que se comenta. La verdad es algo que solo conocerán ella y su confidente, la señora Adelaida.</p>
S2|S1|<p>La tarde en que doña Adelaida fue asesinada ella no había parado en todo el día de hacer recados. Tenía que comprar algo para algún familiar, otro algo para un conocido, algunos pasteles para la visita que tenía esa tarde y ella sola no podía con todo. Por suerte, llevaba de acompañante a uno de sus más fieles amigos, que cargaba con todos sus bártulos.</p><p>&nbsp;&nbsp;&nbsp;&nbsp;A las 18:00 se despidió de este y, según cuenta don Gonzalo Sétodo, le regaló al muchacho una jarra de cerveza ornamentada. Su amigo le dio las gracias.</p><br/><p>&nbsp;&nbsp;&nbsp;&nbsp;<i>—Es usted muy buena conmigo. Me avergüenza la confianza que deposita usted en mí aun sabiendo que robé todo ese dinero.</i></p><p>&nbsp;&nbsp;&nbsp;&nbsp;<i>—No te preocupes, querido, no importa lo que hayas hecho ni el tipo de persona que fueras. Lo que importa es quien eres ahora. Conozco a más <b>ladrones como tú y te puedo asegurar que sois todos dignos de mi confianza</b>.</i></p><p>&nbsp;&nbsp;&nbsp;&nbsp;<i>—Ojalá aún conservase parte de ese dinero para darle algo a usted por ser tan buena conmigo.</i></p>|<p>Con el hambre que pasó en su época, se vio obligado a asaltar una charcutería. Su inocente intención era la de saciar su hambre —¡derecho universal de todo ser humano!— y, a poder ser, sacar un poco de dinero, aunque de forma ciertamente indigna.</p><p>&nbsp;&nbsp;&nbsp;&nbsp;Pero las dificultades y el hambre llevan a las personas a hacer cosas de moralidad cuestionable. ¿Acaso no debía el gobierno de su país proveer para que sus ciudadanos no se encontrasen en semejante situación?</p><p>&nbsp;&nbsp;&nbsp;&nbsp;Pedro tuvo la suerte ese día de que los dueños de la charcutería todavía no habían hecho caja, ¡pero desde hacía dos semanas! Así que se llevó más de 15.000&nbsp;€. Podría decirse que fue un verdadero chorizo.</p><p>&nbsp;&nbsp;&nbsp;&nbsp;Al llegar a su casa, su padre había fallecido de un infarto al corazón y su madre amargamente descompuesta, lo culpó por la vida delictiva que llevaba y lo echó de casa.</p><p>&nbsp;&nbsp;&nbsp;&nbsp;Pedro se dio a la fuga tras dejar los embutidos que llevaba en la despensa y huyó de su ciudad. Nunca acabó en manos de la justicia o al menos eso es lo que contó a la señora Adelaida.</p>
S3|S4|<p>&nbsp;&nbsp;&nbsp;&nbsp;—De aquella habitación salía un hedor cada día más insoportable —repetía don Gonzalo Sétodo con asco—. El perfumador con olor a pino no era suficiente para taparlo, pero a la señora  parecía no importarle. Fingía ignorancia, pero yo sospecho que ese olor le resultaba atractivo.</p><p>&nbsp;&nbsp;&nbsp;&nbsp;Su habitación más oscura y apartada de la casa había permanecido cerrada desde hacía ya meses, cuando, según cuenta el señor Sétodo, entró en ella con una persona que cargaba con un gran bulto amortajado.</p><p>&nbsp;&nbsp;&nbsp;&nbsp;—No sé qué era aquella cosa, pero desde entonces de esa habitación comenzó a emanar un fuerte olor a putrefacción que hubiese desagradado hasta a las mismísimas alimañas que descomponen los cadáveres en sus tumbas. <b>Nadie que hubiera estado a malas con doña Adelaida habría tenido la confianza suficiente como para dejarle esconder un cuerpo en su casa</b>. Doña Adelaida no preguntó nada, no dijo nada y no miró nada. La habitación fue abierta, cerrada y nunca más mencionada.</p><p>&nbsp;&nbsp;&nbsp;&nbsp;»Sé que de vez en cuando se ha vuelto a telefonear con esa mujer, pero nunca más he vuelto a verla. Las últimas palabras que le oí decirle fueron «¿con qué ha sido esta vez?», a lo que ella respondió «con unas gotas para el oído».</p>|<p>Siempre tuvo los nervios a flor de piel. Tenía acojonados a todos en el en el barrio. A todo aquel que le caía mal lo apuntaba en su libreta. Guardaba su rencor escrito en ella y lo saciaba cuando tenía ocasión. Siempre lleva esa libreta encima y siempre llevará hasta el día en que muera.</p><p>&nbsp;&nbsp;&nbsp;&nbsp;La llamaban la mataperros, la Matagatos, la Ahoganiños, la Revientatuberías, la Matarife-rife-ron Chin-pon… A su madre, por no querer llevarla al cine el día de su cumpleaños, le quemó una colcha que llevaba más de cinco años haciendo. </p><p>&nbsp;&nbsp;&nbsp;&nbsp;Estuvo en prisión por agresión varios años a un par de mujeres. Los bulos dicen que causó la muerte de una de ellas, y que cumplió una condena ridícula porque nunca dijo dónde ocultó el cuerpo. Pero nunca sabremos si fue verdad. Eso es algo que solo le confió a doña Adelaida… y a su libreta.</p>
S4|S3|<p>Doña Adelaida no era una mujer leída. No se acercaba ni a un diario ni a un libro de texto y ni siquiera a una novela. Ella prefería la palabra hablada porque era efímera y porque la lengua es más libertina en eso de contar confesiones que la mano y la pluma. Una confesión escrita puede perder a cualquiera, por lo que nadie en su sano juicio confiaría ese tipo de conocimiento al papel.</p><p>&nbsp;&nbsp;&nbsp;&nbsp;Un día, doña Adelaida se encontraba en una tienda de antigüedades, buscando algún bonito detalle que regalar a una de sus amistades. Había tomos de libros muy grandes y periódicos antiguos que nada le llamaban la atención. Aun así, los miraba por encima y disfrutaba de su olor. De repente, entre dos libros rojos que tenían el título tan rasgado que no podía leerse, encontró una muñeca de porcelana que le llamó la atención. La tomó en sus manos y la examinó.</p><p>&nbsp;&nbsp;&nbsp;&nbsp;Fue hacia el mostrador para preguntar por ella. Dirigió una mirada a la mujer al otro lado del mostrador y solo le bastó un instante para darse cuenta de que esa señora tenía algo que ocultar y de que estaba ansiosa por contárselo a alguien. La empatía es una de las mejores cualidades de doña Adelaida hasta tal punto que esa misma noche, aquella mujer y su marido estaban en casa de doña Adelaida, invitados a cenar.</p><p>&nbsp;&nbsp;&nbsp;&nbsp;Cuando llegaron, don Gonzalo Sétodo apenas si tuvo siquiera tiempo de retirarles el abrigo cuando la mujer le enseñó la fotografía de una mujer fallecida. <b>Si con alguien no iba a tener problemas doña Adelaida, era con los asesinos</b>. Doña Adelaida, lejos de escandalizarse, casi se relamió de la emoción y les invitó a pasar al salón rápidamente, donde les esperaba, a la pareja, la suculenta cena, y a doña Adelaida, la suculenta historia sobre cómo la mujer había matado a la persona de la foto mientras el hombre se había quedado mirando.</p>|<p>Mantenía una relación secreta con el esposo de su mejor amiga. La noche en que su amiga los descubrió a los dos en su propia cama de matrimonio, envueltos en un aterciopelado edredón de color rojo —el color de la lujuria—, roja tornose su cara de la ira, roja tornose la cara del marido por la vergüenza y más rojo no pudo tornarse el edredón salpicado de la sangre que brotó de la frente de su amiga tras reventársela con un adorno de mármol de la mesita de noche.</p><p>&nbsp;&nbsp;&nbsp;&nbsp; Hasta el día de hoy, ese edredón sigue conservando la huella, aunque invisible, del líquido vital de su querida exmejor amiga. Eso no lo saben ni ella ni el marido (ahora marido de ella), pero nadie sabe cómo lo sabe doña Adelaida.</p>
S5|S6|<p>No puedes descartar la idea de puede que doña Adelaida no fuese trigo limpio después de todo, así que decides acercarte al banco para pedir un extracto de sus cuentas. Tal vez tenía chanchullos, deudas o problemas con alguien por cuestión de dinero.</p><p>&nbsp;&nbsp;&nbsp;&nbsp;El señor del banco, que parece no entender —o no querer entender— la situación, pone todo tipo de trabas para no dejarte acceder a esa información de un cliente. Finalmente, al mostrarle fotos del cadáver de doña Adelaida y hacer venir al mismísimo Gonzalo Sétodo para que diera fe, el señor del banco accede a mostrarte sus cuentas.</p><p>&nbsp;&nbsp;&nbsp;&nbsp;Al parecer, doña Adelaida prestaba un montón de dinero a varias personas. Gonzalo Sétodo te explica que solía hacer un jugoso intercambio con ellos: ella ponía el dinero y ellos, los secretos. <b>Nadie que tuviera deudas sería capaz de hacerle daño a doña Adelaida</b>. Varios conceptos y cantidades figuraban en aquel registro, pero sobre todos ellos, uno estaba repetido más que ningún otro: «Todo al 37».</p><p>&nbsp;&nbsp;&nbsp;&nbsp;Pides al banquero una lista de los beneficiarios de aquellas transacciones porque, deliberadamente, el informe que te ha entregado oculta ese dato. Pero se niega a dártelo diciendo que tal vez a la señora Adelaida no le importe porque está muerta, pero que los destinatarios están todos vivitos y coleando y que tienen derecho a su privacidad.</p>|<p>Durante una racha de suerte, él y su socio apostaron todo o nada a su número de la suerte en la ruleta: el 37 rojo. Con todo el dinero sobre la mesa, la bola salió por los aires, y antes de que cayera sobre la ruleta, ellos cayeron en la peor de las cuentas: la ruleta solo tiene hasta el 36.</p><p>&nbsp;&nbsp;&nbsp;&nbsp;La banca les agradeció su generosa donación. Tras haberlo perdido todo, él y su socio, se vieron en una difícil situación: le debían cientos de euros a Rosendo Tuercemanos, el prestamista con peor fama de la región que les había dejado el dinero.</p><p>&nbsp;&nbsp;&nbsp;&nbsp;Ahora intentan pasar desapercibido sin que este les encuentre y solo la señora Adelaida es conocedora de lo elevada que esta deuda, tal vez porque son más que amigos…</p>
S6|S5|<p>Mientras sacaba un pastel de queso que había en la nevera, don Gonzalo Sétodo te relata las particularidades de una de las visitas periódicas que recibía doña Adelaida.</p><p>&nbsp;&nbsp;&nbsp;&nbsp;—Con cada visita de aquella señora, doña Adelaida entraba y salía de una habitación en la que guardaba un arcón enorme —dice mientras corta el pastel y te sirve un trozo a ti y se sirve uno él, que no tarda en empezar a devorar—. Nunca tuve acceso a la llave de ese arcón y desconozco por completo su contenido. Ella entraba, cerraba la puerta tras de sí y al poco salía de la habitación con una cajita, y el arcón permanecía siempre cerrado tras ella. De vez en cuando se oía un leve tintineo de algo metálico contra el suelo. Acto seguido, entregaba la cajita a aquella señora y ella, tal y como había llegado, se iba, las últimas veces casi sin mediar palabra, ni siquiera para pedir perdón por la evidente pestilencia que emanaba a alcohol.</p><p>&nbsp;&nbsp;&nbsp;&nbsp;Decides tomar la cuchara y empezar a comerte tu trozo también mientras le dejas relatar.</p><p>&nbsp;&nbsp;&nbsp;&nbsp;—Si quiere saber dónde está la llave, probablemente esté aún en el bolsillo interior de su falda. Por supuesto, durante todo lo que duró mi servicio aquí no se me confirió acceso al contenido del arcón y no pienso ver su contenido ahora. Pero si usted cree que ello le será de ayuda en su investigación, adelante.</p><p>&nbsp;&nbsp;&nbsp;&nbsp;Sin siquiera terminar tu primer bocado, vas el dormitorio de doña Adelaida, donde han colocado la ropa que llevaba sobre una cómoda. Buscas en ella y encuentras el bolsillo interior de su falda. Tomas la llave y te diriges hacia la sala de la que te ha hablado Gonzalo Sétodo y, en efecto, en su interior encuentras el arcón.</p><p>&nbsp;&nbsp;&nbsp;&nbsp;Casi sin sorpresa alguna, al abrir el arcón te encuentras con <b>grandes cantidades de dinero</b> en metálico. Sospechas que nadie que tuviera deudas encontraría en Adelaida una amenaza.</p>|<p>Sus problemas con el alcohol llevaron a su marido a divorciarse de esta señora de 35 años porque ya no aguantaba más. La vida no es de color de rosa, y eso es algo que se aprende a una edad demasiado tardía. Sin embargo, Luisa nunca lo aprendió.</p><p>&nbsp;&nbsp;&nbsp;&nbsp;Lo que sí aprendió es que las desgracias nunca vienen solas. Sus problemas con el alcohol encontraron su mala combinación con el juego. Se llenó de deudas. Jugaba día y noche sin parar.</p><p>&nbsp;&nbsp;&nbsp;&nbsp;En su cabeza, el sonido de un cubata y el ruido de una tragaperras convivían tan solo con el delirio de que algún día la vendría a salvar un apuesto hombre vestido con esmoquin, que se uniría a ella en su mesa de blackjack y con el que compartiría su fortuna, tendrían hijos, se casarían y vivirían a todo tren.</p><p>&nbsp;&nbsp;&nbsp;&nbsp;Con todo esto fantaseaba mientras dos gorilas la sacaban a rastras del casino con una mano delante y la otra detrás, y una deuda insalvable en su tarjeta de crédito. Desde entonces vive de latas de conserva y hace amigurumis de Disney en un taller de distrito. Nadie sabe en el barrio sobre su gran deuda con el banco. Nadie salvo la señora Adelaida.</p>
S7|S8|<p>Investigando la mansión, entras en una sala con decoración esotérica, donde doña Adelaida tenía el gusto de practicar el tarot. Se había formado de manera autodidacta y su fama —no se sabe si por la experiencia que parecía dimanar de su persona o por lo esotérico, rozando lo barroco, de la habitación en la que hacía las tiradas— le había granjeado un grupo de personas que se reunía en su puerta para que les hiciera una tirada cada jueves. Gonzalo Sétodo te confirma que esta era su fuente principal de ingresos.<p>&nbsp;&nbsp;&nbsp;&nbsp;—Hacía sus tiradas con gran pompa y con la mayor de las parsimonias. Un ritual en el que ella danzaba entre sus artilugios, sus frases misteriosas y su gran elocuencia, para sumir a su huésped en un neblinoso misticismo del que no querría salir sin una respuesta. Mi papel era satisfacer cuanta necesidad alimenticia tuvieran los huéspedes. Iba y venía de la cocina y la puerta del gabinete siempre permanecía abierta. Cuando la puerta estaba cerrada… era porque, para doña Adelaida, aquella sesión era más valiosa que el dinero. Alguien le estaba contando un secreto. Naturalmente, esa consulta ni siquiera la cobraba, pues se sentía más remunerada con el secreto que con el dinero.<p>&nbsp;&nbsp;&nbsp;&nbsp;Don Gonzalo Sétodo observó la bola de cristal que había en una mesa en un lugar apartado de la habitación y continuó.<p>&nbsp;&nbsp;&nbsp;&nbsp;—Una tarde vino una muchacha de unos trentaitantos que no había estado allí antes. Todo transcurría con normalidad. Ella entró en la sala y cuando doña Adelaida le preguntó si quería tomar algo, pidió que le trajera una copa de Limoncello y yo fui a por ella. Pero conforme regresaba a la habitación, a través del marco de la puerta vi a la muchacha llorando mientras miraba la bola de cristal, justo antes de que doña Adelaida cerrase la puerta delante de mis narices.<p>&nbsp;&nbsp;&nbsp;&nbsp;»Antes de que se cerrase del todo, y esto se lo puedo jurar, detective, pude observar dentro de la bola una especie de <b>gran casa de campo ardiendo</b>. El fuego fascinaba tanto a doña Adelaida que todo el que hubiera tenido relación con un incendio encontraría consuelo y amistad en ella. No llegué a ver nada más y le aseguro que jamás pensé que esta... cosa de cristal —señalando la bola— pudiera ser capaz de mostrar algo.<p>&nbsp;&nbsp;&nbsp;&nbsp;»Naturalmente, doña Adelaida no cobró esa consulta y la muchacha volvió varios jueves más a visitarla para acabar nuevamente en la misma situación.</p>|<p>A sus 15 años, estaban en el granero de su pueblo ella y Antonio. Antonio, joven, apuesto y lleno de vitalidad. Ella, de radiante cabello pelirrojo, piel pálida y una mirada llena de inocente lascivia. Un granero vacío por la noche, dos adolescentes solos con las hormonas revolucionadas.</p><p>&nbsp;&nbsp;&nbsp;&nbsp;Entraron sigilosamente. Ella dejó el candil en el suelo, comprobaron que no hubiera nadie cerca y, tras asegurarse, comenzaron a besarse. Las manos de uno empezaron a buscar en el otro aquello que anatómicamente los hacía diferentes. Cada vez más acalorados, con el cuerpo sudoroso. La virginidad que aún conservaban, a punto de desvanecerse. Una ardiente pasión incendiaba sus corazones, las yemas de sus dedos, la paja de alrededor... ¿La paja?</p><p>&nbsp;&nbsp;&nbsp;&nbsp;El candil, dejado en el suelo de cualquier manera, había prendido, primero la paja, luego el bidón de gasolina, luego el tractor y finalmente más de la mitad de las casas del pueblo. Cuando los padres de Elena se enteraron de lo que había hecho su hija, no pudieron hacer otra cosa que marcharse de allí sin atreverse a mirar a nadie a la cara.</p><p>&nbsp;&nbsp;&nbsp;&nbsp;Desde entonces, el recuerdo del fuego consumiéndolo todo (a Antonio incluido bajo unas maderas que cayeron del techo, aunque escapó con quemaduras de más grados que los que pueden llegar a existir) resuena para siempre en su cabeza. En su cabeza y en los oídos de doña Adelaida, a quien se lo contó todo.</p>
S8|S7|<p>&nbsp;&nbsp;&nbsp;&nbsp;—Cuando doña Adelaida entró en aquel bar —te cuenta don Gonzalo Sétodo apoyado en el mueble bar que había en la mansión— y vio a aquel hombre, fue casi como si tuviera un sexto sentido: supo que ocultaba algo y que se moría de ganas por tener un confidente. El señor estaba tomando un vino barato y doña Adelaida se acercó a él. Yo me mantuve a una distancia prudencial por orden suya. Desconozco qué le dijo, pero por su mirada, al señor pareció habérsele presentado un ángel. Doña Adelaida estuvo unos minutos hablando con él y le invitó a casa.</p><p>&nbsp;&nbsp;&nbsp;&nbsp;Mientras Gonzalo Sétodo te sirve una copa de una botella polvorienta, te cuenta como les llevó a ambos en el coche de doña Adelaida a la casa de esta, donde ella le invitó a continuar bebiendo.</p><p>&nbsp;&nbsp;&nbsp;&nbsp;—Se acercó al mueble bar y abrió una botella. Le sirvió un poco y le dejó beber en silencio. Cuando terminó el primer sorbo, el hombre se derrumbó. Comenzó a llorar y yo me marché para no molestar. No supe qué le contó ese hombre a la señora, pero mientras seguía con mis labores, oí a doña Adelaida decir por la puerta entreabierta: «Un incendio no es más que la energía de un lugar pidiendo ser purificado. Ver el fuego es llamar a la renovación. <b>Los que habéis causado un incendio sois todos portadores de purificación. Me gusta estar rodeada de gente así.</b> Seguro que aquella casa o aquella mujer, perdóname por decirlo, tenían algo oscuro que necesitaba ser purificado». El hombre no pudo hacer otra cosa más que beber a morro de la botella, intentando ahogar fervientemente su vergüenza en ella.</p><p>&nbsp;&nbsp;&nbsp;&nbsp;Tomas un trago de la bebida y entonces Gonzalo Sétodo te enseña la botella polvorienta de la cual te ha servido.</p><p>&nbsp;&nbsp;&nbsp;&nbsp;—Esta es la botella que ambos estaban tomando esa noche.</p>|<p>Trabajaba para Repsol. Trabajaba. Hasta que un día pasó lo que no tenía que pasar. El llegó con su camión cargado de bombonas de butano. La muchacha del 3.º quería una bombona. Rosaura, la chica más bonita del barrio. Tenía que impresionarla.</p><p>&nbsp;&nbsp;&nbsp;&nbsp;Comenzó a chulear. Hizo unas cuantas flexiones sobre el camión simulando que se preparaba para repartir. Bajó la bombona de su camión pavoneándose. Hizo el pino sobre esta, la levantó por encima de su cabeza y la dejó caer sobre su hombro, adoptando una postura de macho ibérico que haría chorrear a todas las nenas guapas que le estuviesen mirando en ese momento.</p><p>&nbsp;&nbsp;&nbsp;&nbsp;La muchacha del 3.º estaba abanicándose de lo cachonda que se había puesto. «Su bombona, señorita», le dijo con galantería ante su puerta. «¿Me la metes en la cocina?», le contestó ella, y Abundio así lo hizo, y luego le dejó la bombona en la cocina.</p><p>&nbsp;&nbsp;&nbsp;&nbsp;45 minutos después, bajó Abundio del 3.º, más alegre que unas pascuas, sin recordar que se había dejado las llaves del camión puestas y la puerta abierta. Por suerte para él al llegar al camión, este seguía allí.</p><p>&nbsp;&nbsp;&nbsp;&nbsp;Suerta la suya, sí, pero no la de la muchacha del 3.º, porque al haber hecho el pino sobre la bombona, Abundio abolló la válvula por la que esta echa el gas y la cocina de Rosario se había estado llenando de gas durante los 45 minutos de «la faena». Cuando la muchacha encendió uno de los fogones, ¡bum! Salieron ardiendo la casa y la chica.</p><p>&nbsp;&nbsp;&nbsp;&nbsp;Ella se salvó por los pelos, pero Abundio nunca más volvió a trabajar en Repsol. Tan solo doña Adelaida sabe a qué se debió aquel misterioso fuego.</p>
S9|S10|<p>En el salón de doña Adelaida hay un retrato en la pared. Es más bien una foto que ha sido impresa en tamaño grande. En ella salen doña Adelaida y un hombre vestido con una chaqueta verde y una frondosa barba.</p><p>&nbsp;&nbsp;&nbsp;&nbsp;—Hace ya unos años de esto —dice Gonzalo Sétodo, que te ve observando el cuadro—. Doña Adelaida se encontraba en el parque Losca Charritos, dando un paseo por la tarde. Creyó haber visto algo en un banco y nos acercamos a ver qué era. Era un libro con las tapas verdes, sin cubierta para el polvo. El título no lo recuerdo. Ella tomó el libro y se puso ojearlo sin mucho interés. Los libros nunca habían sido de su agrado.</p><p>&nbsp;&nbsp;&nbsp;&nbsp;»Al cabo de unos minutos se acercó este caballero gentil y pausado. Dijo que el libro era suyo y que lo había dejado por descuido. Ella trató de contarle la pamplina de que pensaba que se trataba de esa costumbre que había surgido no hacía poco de dejar libros en los sitios públicos para que se los llevara otra persona y promover la cultura. Estaba tonteando.</p><p>&nbsp;&nbsp;&nbsp;&nbsp;»Como notó que yo aún estaba allí, me mandó a preparar el coche para librarse de mí. Mientras me marchaba, entablaron conversación y hablaron sobre lo bonito que estaba el Losca, lo bien cuidado del estilo de las farolas... Parecía una conversación trivial, pero era el sexto sentido de doña Adelaida, que se había puesto en marcha. Ella sabía que ese hombre tenía algo que ocultar y que necesitaba alguien a quien contárselo.</p><p>&nbsp;&nbsp;&nbsp;&nbsp;»Cuando volví, el caballero parecía estar contándole una anécdota animadamente, haciendo un gran gesto de explosión con la mano a la par que decía «¡bum!», lo cual a Adelaida pareció divertirle, al punto de que aplaudió levemente mientras sonreía y contestaba: <b>«A veces el mobiliario urbano necesita alguna que otra reforma». Él le respondió: «¡Que me lo digan a mí!»</b>, dándose un par de palmadas en el brazo.</p><p>&nbsp;&nbsp;&nbsp;&nbsp;Le comuniqué a doña Adelaida que el coche estaba listo. Ella se levantó y él, claramente emocionado, también lo hizo. Daba la sensación de que creía estar invitado a venir con nosotros. Pero doña Adelaida le miró y el desencanto se hizo visible en su expresión. «Es usted demasiado mayor para hacerse ilusiones y yo soy una dama. Las cosas llevan su ritual. Hasta nuestro próximo encuentro». Y él se quedó allí embelesado viéndola marchar.</p>|<p>Una llamada al 061 en mitad de la noche. Braulio estaba inconsciente. Se había producido una explosión tremebunda y había salido mal parado. ¿Cómo había acabado en el suelo, sangrando por el ojo y con el brazo medio destrozado?</p><p>&nbsp;&nbsp;&nbsp;&nbsp;Todo empezó con el cambio de nombre de la calle Magallanes, la calle que iba desde el ambulatorio hasta el colegio de primaria. Braulio estaba que echaba humo. El nombre que tenían que haberle puesto debía haber sido el suyo. ¡Él suyo! Él había exprimido hasta la última gota de su imaginación por la cultura en aquella ciudad: había escrito un libro de poesías sobre esta, había realizado una serie de pinturas en honor a sus calles, había enviado artículos sobre sus gentes en ella a los concursos de literatura...</p><p>&nbsp;&nbsp;&nbsp;&nbsp;Pero en lugar de eso, se la dieron a Tino Casanova, ¡el fotógrafo que ganó el último concurso de fotografía de una fundación de mil viejas! Eso no iba a quedar así.</p><p>&nbsp;&nbsp;&nbsp;&nbsp;Aprovechando la víspera de Navidad, Braulio estaba decidido a volar el letrero de la calle Tino Casanova en mil pedazos. Compró cuanto petardo pudo y, a las doce de la noche, aprovechando que todo el mundo estaría en sus casas, envolvió en pólvora el poste sobre el que descansaba el letrero con el reluciente nuevo nombre del la calle. Con toda seguridad culparían a algunos gamberros, los niñatos esos que en estas fechas no paran de tirar petardos.</p><p>&nbsp;&nbsp;&nbsp;&nbsp;Tal era el ensimismamiento que traía, pensando en la dulce victoria de ver el nombre de su adversario hecho añicos y quemado en el suelo, que no reparó en que la mecha no era tan larga como había pensado. La explosión del monstruoso artefacto explosivo que había creado le causó la pérdida de su ojo y le voló parte del brazo.</p><p>&nbsp;&nbsp;&nbsp;&nbsp;Hasta el día de hoy, con la boca pequeña, sigue maldiciendo el vandalismo de esos supuestos niñatos, mientras que doña Adelaida es de las pocas conocedoras de la verdad.</p>
S10|S9|<p>Al subir al baño del segundo piso, te percatas de que allí corre más viento que en el resto de la casa. Observas que en la ventana falta uno de los cristales. ¿Puede que el asesino haya roto el cristal de esa ventana para entrar en la casa? Te asomas por ella y ves que da a la calle, por lo que es probable. Gonzalo Sétodo está en la puerta de baño mirándote observar con detenimiento el ausente cristal. Cuando lo has observado lo suficiente y vas a compartir tu teoría con él, te percatas de que está sosteniendo una loseta en las manos.</p><p>&nbsp;&nbsp;&nbsp;&nbsp;Según te cuenta, hace mucho tiempo una muchacha rompió su ventana con ella desde la calle en un acto de vandalismo. Doña Adelaida, que casualmente se encontraba en el baño, bajó y le habló. Convincente como era, acabaron las dos tomando un té en su sala del té, donde parece ser que le sonsacó algo que la avergonzaba. <b>La muchacha llevaba vandalizando propiedades desde que, de pequeña, hizo algo parecido en la plaza del pueblo</b>; algo que doña Adelaida parecía recordar con diversión. Tras ese suceso, por algún motivo, la muchacha no podía evitar la tentación de causar destrozos y ello la tenía en un estado constante de estrés. Doña Adelaida sintió mucho apego por ella y se hicieron amigas.</p><p>&nbsp;&nbsp;&nbsp;&nbsp;Respecto a la ventana, doña Adelaida nunca quiso arreglarla como recordatorio de que ello le había reportado una buena amistad, y respecto a la loseta que tiró, la puso bien visible en una estantería en la sala del té de forma decorativa, con la intención de que cada vez que viniera la muchacha a tomar el té con ella, quedara en su subconsciente que, de igual manera que su acto destructivo puede tornarse en algo bello, también ella podía cambiar y volver a ser una buena persona. <b>Lo creía así para todo el mundo que hubiera obrado igual de mal que esta muchacha</b>.</p>|<p>«Eran cosas de niños, ¿verdad?» Se repetía Sofía tratando de calmarse, pero sus manos buscando nerviosamente un cigarro y este consumiéndose rápidamente entre sus labios decían lo contrario. Nadie lo iba a saber. Pensaba llevarse el secreto a la tumba.</p><p>&nbsp;&nbsp;&nbsp;&nbsp;Cuando tenía 13 años, en la plaza del centro de la ciudad pusieron una estatua, la de Santa Águeda, aquella mártir a la que torturaron cortándole los pechos. A Sofía siempre le había hecho gracia que en la estatua —en la que se ve a Santa Águeda sosteniendo sus pechos cortados en una bandeja— los pechos parecían un par de flanes.</p><p>&nbsp;&nbsp;&nbsp;&nbsp;Tanto fue así que una madrugada se decidió a dar libertad a esta visión artística. Salió de puntillas de su casa y coloreó los pechos de la estatua con unos botes de spray. El resultado vandálico —pero de exquisito acabado— dejó a los habitantes con una sensación que se debatía entre el ultraje y las ganas de acudir a la pastelería más cercana para saciar el antojo.</p><p>&nbsp;&nbsp;&nbsp;&nbsp;El ayuntamiento tuvo que pagar un dineral, primero en disolventes y luego en pintura y mano de obra de cursados en bellas artes para que devolvieran a la estatua su característico color... de estatua.</p><p>&nbsp;&nbsp;&nbsp;&nbsp;Desde entonces vive con la vergüenza de lo que hizo, vergüenza que solo ha compartido alguna vez con doña Adelaida.</p>
HF||<p>Esto es una pista falsa. Si tienes el hábito de tener mala suerte, deberías corregirlo porque se nota a la legua que tienes pocas luces si has cogido esta pista. Pero puedes adquirir un hábito nuevo: el hábito del disimulo. Trata de aparentar que esta pista es verdadera para que alguien quiera comprártela o perder el tiempo yendo a por ella cuando la sueltes.</p>|
OF||<p>Esto es una pista falsa. El objeto que buscas no existe. Lo que tienes en tus manos no sirve de nada y probablemente Gonzalo Sétodo ni te ha visto cogerlo. Pero el resto de jugadores sí, así que finge que tienes algo valioso con el objeto de que los demás quieran perder su dinero comprándotelo, o el tiempo intentando cogerlo cuando lo sueltes.</p>|
CF||<p>Esto es una pista falsa. Nadie tiene coartada ante nada y tú tampoco tienes coartada por la estupidez que acabas de cometer cogiendo esta pista. Así que haz una cosa e intenta crearte una buena coartada haciendo creer a todo el mundo que esta pista es buena y que así quieran comprártela o perder su tiempo intentando llegar hasta ella cuando la sueltes.</p>|
TF||<p>Esto es una pista falsa. No tienes testigos que hayan visto nada, por lo que en verdad, tampoco tienes testigos de que esto sea una pista falsa, así que disimula que has encontrado una pista buena para que los demás jugadores quieran comprártela o cogerla cuando la sueltes. Tranquilo, yo no se lo diré a nadie. Creo.</p>|
SF||<p>Esto es una pista falsa. Nadie te ha contado un secreto porque nadie se fía de ti para guardarlo. Pero yo si puedo contarte uno: nadie sabe que tienes una pista falsa en la mano. Disimula y aparenta que estás leyendo algo interesante para ver si logras que alguien se interese en comprártela o en perder su tiempo llegando hasta ella cuando la sueltes.</p>|
